{
	"info": {
		"_postman_id": "906ec2a1-6021-4096-bc5b-75cf4959fbaa",
		"name": "Mobilku",
		"schema": "https://schema.getpostman.com/json/collection/v2.1.0/collection.json",
		"_exporter_id": "5764721"
	},
	"item": [
		{
			"name": "Add Profile",
			"event": [
				{
					"listen": "test",
					"script": {
						"exec": [
							"const responseJson= pm.response.json()\r",
							"console.log(responseJson.id)\r",
							"pm.environment.set('id', responseJson.id);"
						],
						"type": "text/javascript"
					}
				}
			],
			"request": {
				"method": "POST",
				"header": [],
				"body": {
					"mode": "formdata",
					"formdata": [
						{
							"key": "name",
							"value": "{{name}}",
							"type": "text"
						},
						{
							"key": "city",
							"value": "{{city}}",
							"type": "text"
						},
						{
							"key": "mobile",
							"value": "{{mobile}}",
							"type": "text"
						},
						{
							"key": "usia",
							"value": "{{usia}}",
							"type": "text"
						},
						{
							"key": "education",
							"value": "{{education}}",
							"type": "text"
						},
						{
							"key": "date",
							"value": "{{date}}",
							"type": "text"
						},
						{
							"key": "image",
							"type": "file",
							"src": "/C:/Users/Office/Pictures/AnyDesk/anydesk00001.png"
						}
					]
				},
				"url": {
					"raw": "localhost:8000/profile",
					"host": [
						"localhost"
					],
					"port": "8000",
					"path": [
						"profile"
					]
				}
			},
			"response": []
		},
		{
			"name": "Edit Profile",
			"event": [
				{
					"listen": "test",
					"script": {
						"exec": [
							""
						],
						"type": "text/javascript"
					}
				}
			],
			"request": {
				"method": "PUT",
				"header": [],
				"body": {
					"mode": "formdata",
					"formdata": [
						{
							"key": "name",
							"value": "Muzakki",
							"type": "text"
						},
						{
							"key": "city",
							"value": "Tangerang",
							"type": "text"
						},
						{
							"key": "mobile",
							"value": "087872678047",
							"type": "text"
						},
						{
							"key": "usia",
							"value": "27",
							"type": "text"
						},
						{
							"key": "education",
							"value": "S1",
							"type": "text"
						},
						{
							"key": "date",
							"value": "1996-01-28T05:25:14.859Z",
							"type": "text"
						},
						{
							"key": "image",
							"type": "file",
							"src": "/C:/Users/Office/Pictures/AnyDesk/anydesk00000.png"
						}
					]
				},
				"url": {
					"raw": "localhost:8000/profile/{{id}}",
					"host": [
						"localhost"
					],
					"port": "8000",
					"path": [
						"profile",
						"{{id}}"
					]
				}
			},
			"response": []
		},
		{
			"name": "Get Profile",
			"event": [
				{
					"listen": "test",
					"script": {
						"exec": [
							"const responseJson= pm.response.json()\r",
							"console.log(responseJson.data.image)\r",
							"pm.environment.set('img500', responseJson.data.image[0]);\r",
							"pm.environment.set('img1000', responseJson.data.image[0]);"
						],
						"type": "text/javascript"
					}
				}
			],
			"request": {
				"method": "GET",
				"header": [],
				"url": {
					"raw": "localhost:8000/profile/{{id}}",
					"host": [
						"localhost"
					],
					"port": "8000",
					"path": [
						"profile",
						"{{id}}"
					]
				}
			},
			"response": []
		},
		{
			"name": "Get Image 500px",
			"request": {
				"method": "GET",
				"header": [],
				"url": {
					"raw": "{{img500}}",
					"host": [
						"{{img500}}"
					]
				}
			},
			"response": []
		},
		{
			"name": "Get Image 1000px",
			"request": {
				"method": "GET",
				"header": [],
				"url": {
					"raw": "{{img1000}}",
					"host": [
						"{{img1000}}"
					]
				}
			},
			"response": []
		}
	]
}