{
	"id": "a9d8d640-ad39-455c-856d-e7d99da9ea9c",
	"name": "Mobilku",
	"values": [
		{
			"key": "name",
			"value": "fahmi",
			"type": "default",
			"enabled": true
		},
		{
			"key": "city",
			"value": "Kabupaten Kepulauan Seribu",
			"type": "default",
			"enabled": true
		},
		{
			"key": "usia",
			"value": "32",
			"type": "default",
			"enabled": true
		},
		{
			"key": "mobile",
			"value": "123456789123",
			"type": "default",
			"enabled": true
		},
		{
			"key": "education",
			"value": "s1",
			"type": "default",
			"enabled": true
		},
		{
			"key": "id",
			"value": "",
			"type": "any",
			"enabled": true
		},
		{
			"key": "date",
			"value": "Fri Nov 09 1990 00:00:00 GMT+0700 (Western Indonesia Time)",
			"type": "default",
			"enabled": true
		},
		{
			"key": "img500",
			"value": "",
			"type": "any",
			"enabled": true
		},
		{
			"key": "img1000",
			"value": "",
			"type": "default",
			"enabled": true
		}
	],
	"_postman_variable_scope": "environment",
	"_postman_exported_at": "2023-03-28T06:09:42.050Z",
	"_postman_exported_using": "Postman/10.11.1"
}